Sightline,No. of cloud,Width (b),Width error (+/-),Width error (%),Number Density (N),Number Density error (+/-),Number Density (%),Radial Velocity (V),Radial Velocity error (+/-),Radial Velocity error (%),"Initial values (b, N, V)",chisqr,redchi,Comment
HD 111934,1,1.2975963879559496,0.2336269017475394,18.00458940206841,180014618472.18805,10053450480.745407,5.584796704884636,7.410443809518173,0.104203196260761,1.40616674168583,"(0.5, 200000000000.0, 7.401883984728574)",60986.942989842864,201.94351983391678,
HD 124314,3,2.2928888425038028,0.1187146033373924,5.177512365045908,168624690798.02783,4974769274.799292,2.950202162717605,-19.6049560542452,0.0692214086876308,0.3530811724142671,"(1.0, 100000000000.0, -19.6313689990334)",14013.57070283097,50.77380689431511,
,,1.7093388716799711,0.0991082161894705,5.798043783563235,173432061072.9992,4410180870.523507,2.5428867322675823,-8.380716304234781,0.051613052077278,0.6158549007463466,"(1.0, 200000000000.0, -8.73502437766629)",,,
,,1.24403326157822,0.0575479049407763,4.625913688816423,287396683401.788,4152806895.185381,1.444973841044522,2.47736873325679,0.0249579283210836,1.007436962695234,"(1.0, 300000000000.0, 2.2205494125390075)",,,
HD 147084,2,0.8158211696662505,0.1196934118393763,14.671525609998874,3575549031040.105,2364078035501.9326,66.11790287250618,-6.754298983292895,0.0120742613898941,0.17876409409415256,"(1.0, 3000000000000.0, -7.013650611499583)",103.62946158368082,0.38239653720915434,
,,5.671725058973069,0.133360458582061,2.3513209331449407,470128974694.85706,11936513291.46094,2.538986944850289,-11.424941788708177,0.1314390328815025,1.1504569153377224,"(4.0, 200000000000.0, -12.214870363133231)",,,
HD 147889,1,0.7021885961929051,0.0343697163252649,4.894656010024813,5136721056847.445,1504373537180.2788,29.28665038516918,-7.699871552429456,0.0098378715044582,0.12776669633344942,"(0.8, 5000000000000.0, -7.848889631464608)",3517.6186117537145,50.251694453624495,
HD 147933,1,0.9920824338861254,0.0167175853320206,1.685100427243277,2041845408406.5903,42405595739.647385,2.076826951005059,-8.348681768504086,0.0234249199637168,0.2805822597297785,"(1.0, 2000000000000.0, -8.139125143978985)",27342.09708150505,337.55675409265496,
HD 148184,1,0.7835795826270918,0.0267177848948543,3.409709171502161,1431438096919.3018,47394198576.02337,3.310949923578515,-11.517571636801073,0.0426670929393935,0.37045216027190253,"(1.0, 1000000000000.0, -11.522895714336745)",949.0889644804325,8.550351031355248,
HD 149404,3,1.7329071084751222,0.0762753691700294,4.401584412516386,509298852071.37805,9900649698.492392,1.9439764409884863,-18.19407948215964,0.0398007230072312,0.2187564534180371,"(1.0, 600000000000.0, -18.415068957997605)",32222.107944356518,273.06871139285187,
,,3.5669651456831613,0.162035941412739,4.542683620243369,495201244716.88165,15007017548.032084,3.0304886565081137,-7.3645362306018365,0.094837508185965,1.2877594082827233,"(1.0, 400000000000.0, -7.953382829574474)",,,
,,1.773687005668203,0.0925611616667857,5.21857359111198,504677162263.0239,12128959265.737597,2.4033105067307,0.1061958306976507,0.0498557943753572,46.947035535981854,"(1.0, 600000000000.0, -0.1446721158817591)",,,
HD 149757,1,1.1855746236081626,0.0390483098621618,3.293618898768487,632390308244.4283,13006046830.73641,2.056648664784625,-14.680847766030126,0.0163900531586231,0.11164241615901696,"(1.0, 1000000000000.0, -14.584933535080852)",7670.896085272595,88.17121937094937,
HD 154368,1,2.42068310639634,0.0466037834373241,1.9252327293142861,1623339358933.775,21705934227.86521,1.33711624180183,-3.533731489582915,0.0277344922074463,0.7848500173033744,"(2.0, 1000000000000.0, -3.742155226138237)",645.6286619920236,4.2197951764184545,
HD 161056,2,2.0881716768845635,0.0363730758675642,1.7418623320200766,1757068648234.7344,15645124465.27734,0.8904105415002112,-12.967699299570825,0.0224932150385345,0.17345571113974648,"(1.5, 2000000000000.0, -13.05891969146686)",8369.978117916009,55.06564551260532,
,,1.918398142149216,0.0767665581140946,4.001596771152605,595976377891.7296,12733890388.579409,2.1366434746332783,-18.347104069005624,0.0471798552548878,0.25715151054596297,"(1.0, 500000000000.0, -18.170204183334235)",,,
HD 169454,2,2.0860795277327058,0.027617226238117,1.3238817538338672,1517789252732.7954,15882330159.750805,1.0464120846260114,-9.49109764252322,0.0241916559307928,0.2548878627315588,"(2.0, 2000000000000.0, -9.796438322404724)",3738.735304583553,27.092284815822847,
,,2.5097641358933007,0.1392162529075175,5.546985508180681,318166286430.57025,16419601916.75726,5.160698231407468,-14.354130858577918,0.1198971481243248,0.8352797484263924,"(1.0, 300000000000.0, -13.749079965762578)",,,
HD 185859,1,1.939308910326917,0.0386848262610974,1.9947738111808162,1372406440328.6282,18594903191.269066,1.3549122654085215,-7.522829814823456,0.0212285962201152,0.2821889733340111,"(2.0, 2000000000000.0, -7.694828369425624)",444.43471880156943,4.535048151036423,
HD 186745,2,1.3872399252703989,0.0824063639490538,5.940310861006345,1614225727769.276,80136727530.57855,4.9644065357154705,-11.341943415591397,0.0581795473602203,0.5129592454168197,"(3.0, 3000000000000.0, -10.781556765568435)",840.091191817859,7.059589847208899,
,,5.289531133801842,0.1431150659063552,2.7056285762608128,2028082223872.9368,77748939422.74422,3.833618701823173,-7.890447482097342,0.1689474164321217,2.1411639430519873,"(3.0, 800000000000.0, -3.217557625647673)",,,
HD 186841,2,1.984805754999205,0.028339812704288,1.4278380961415214,2428260353393.988,28483261293.631813,1.1729904189977265,-11.242030226941573,0.0181945198467604,0.16184371932355385,"(1.0, 3000000000000.0, -10.888636552462282)",7233.540811185387,52.4169623998941,
,,2.000574354412261,0.067464689129142,3.372266018523571,624955276156.2466,11963045392.042538,1.9142242410721928,-5.890097105124082,0.0435877110084285,0.740016849136654,"(1.0, 600000000000.0, -6.136037196681866)",,,
HD 37020,3,1.7811220052127634,0.0939670196136555,5.275720547982938,15081551494.33658,371155682.4588313,2.460991381411969,6.541680559015845,0.0487724681643659,0.7455648089869955,"(2.0, 20000000000.0, 6.096733420253866)",35.4313136520541,0.15206572382855837,
,,2.958263089345172,0.1599142617116818,5.405680863465045,23927723702.661747,931650706.2057836,3.893603577937277,18.57706239473792,0.1052528873321367,0.566574440542065,"(1.0, 15000000000.0, 18.585555727430787)",,,
,,1.4768316844364942,0.2597748710344459,17.590012035363845,8165542757.630682,858542819.4514014,10.514216200130665,23.87260341590871,0.1443655262670747,0.6047330647266962,"(3.0, 20000000000.0, 23.174228487411764)",,,
HD 41117,2,2.294003069073776,0.0476672453785971,2.07790678317807,1008214038144.7748,11532178554.51068,1.1438224541815705,15.226255264661392,0.0313300838106518,0.20576355292929951,"(1.6, 1000000000000.0, 14.898797944662157)",26227.88760562612,104.91155042250449,
,,1.8793125461142524,0.0845433680749327,4.498632664893246,449818973968.8833,10639250581.839985,2.3652293917188043,9.653478606513948,0.0511419184938647,0.5297770946460201,"(1.0, 400000000000.0, 10.311852940989509)",,,
HD 99953,2,3.1400799195219906,0.1895003536087603,6.034889508086394,115814701130.68108,7424456852.678149,6.4106342115416455,4.878998545913533,0.1830963320791175,3.7527441411613482,"(1.0, 50000000000.0, 4.52090296936374)",603.8384264846306,2.7699010389203242,
,,1.3646164427710463,0.0563130403698268,4.1266570301230745,171513603853.81903,6994566146.893441,4.078140736203588,8.876722377849244,0.0314724431987652,0.35455027046132215,"(2.5, 300000000000.0, 8.200402635781545)",,,
